feature,count,mean_actual,mean_pred,mae,rmse,bias,corr
pitch_range,1802,10.986681465038846,11.0,0.013318534961154272,0.12011832863715594,0.013318534961154272,
wetness,1802,0.045842490736377826,0.04368488469996493,0.015242699083882061,0.022545529904127202,-0.002157606036412898,0.4163091698714351
volatility,1802,2.4943952558079143,2.48907217928967,0.41607514755283753,0.5408118875327216,-0.005323076518243624,0.36412056226539896
density,1802,4.35907081584999,4.211751754856506,1.4162227495305222,1.9272137682739034,-0.1473190609934836,0.3212700933236147
tempo,1802,120.27572418200795,118.10948954163715,25.473444978493088,32.862133395901694,-2.166234640370778,0.06673687382571682
mean_pitch,1802,2047.0201738770543,1981.1239159557842,575.9269998144354,766.7623030472948,-65.89625792126989,0.5471265472229583
brightness,1802,4188.104012361989,4046.8872855508753,1325.7797641738905,1759.0481422343983,-141.21672681111343,0.5581825546620768
